Time,User,Result
2026-03-07 23:16:32,manu,Access Granted
2026-03-07 23:16:32,manu,Access Granted
2026-03-07 23:16:32,manu,Access Granted
2026-03-07 23:16:32,manu,Access Granted
2026-03-07 23:16:32,manu,Access Granted
2026-03-07 23:16:32,manu,Access Granted
2026-03-07 23:16:32,manu,Access Granted
2026-03-07 23:16:32,manu,Access Granted
2026-03-07 23:16:33,manu,Access Granted
2026-03-07 23:16:33,manu,Access Granted
2026-03-07 23:16:33,manu,Access Granted
2026-03-07 23:16:33,manu,Access Granted
2026-03-07 23:16:33,manu,Access Granted
2026-03-07 23:16:33,manu,Access Granted
2026-03-07 23:16:33,manu,Access Granted
2026-03-07 23:16:33,manu,Access Granted
2026-03-07 23:16:33,manu,Access Granted
2026-03-07 23:16:34,manu,Access Granted
2026-03-07 23:16:34,manu,Access Granted
2026-03-07 23:16:34,manu,Access Granted
2026-03-07 23:16:34,manu,Access Granted
2026-03-07 23:16:34,manu,Access Granted
2026-03-07 23:16:34,manu,Access Granted
2026-03-07 23:16:34,manu,Access Granted
2026-03-07 23:16:34,manu,Access Granted
2026-03-07 23:16:34,manu,Access Granted
2026-03-07 23:16:35,manu,Access Granted
2026-03-07 23:16:35,manu,Access Granted
2026-03-07 23:16:35,manu,Access Granted
2026-03-07 23:16:35,manu,Access Granted
2026-03-07 23:16:35,manu,Access Granted
2026-03-07 23:16:35,manu,Access Granted
2026-03-07 23:16:35,manu,Access Granted
2026-03-07 23:16:35,manu,Access Granted
2026-03-07 23:16:35,manu,Access Granted
2026-03-07 23:16:36,manu,Access Granted
2026-03-07 23:16:36,manu,Access Granted
2026-03-07 23:16:36,manu,Access Granted
2026-03-07 23:16:36,manu,Access Granted
2026-03-07 23:16:36,manu,Access Granted
2026-03-07 23:16:36,manu,Access Granted
2026-03-07 23:16:36,manu,Access Granted
2026-03-07 23:16:36,manu,Access Granted
2026-03-07 23:16:36,manu,Access Granted
2026-03-07 23:16:36,manu,Access Granted
2026-03-07 23:16:37,manu,Access Granted
2026-03-07 23:16:37,manu,Access Granted
2026-03-07 23:16:37,manu,Access Granted
2026-03-07 23:16:37,manu,Access Granted
2026-03-07 23:16:37,manu,Access Granted
2026-03-07 23:16:37,manu,Access Granted
2026-03-07 23:16:37,manu,Access Granted
2026-03-07 23:16:37,manu,Access Granted
2026-03-07 23:16:37,manu,Access Granted
2026-03-07 23:16:38,manu,Access Granted
2026-03-07 23:16:38,manu,Access Granted
2026-03-07 23:16:38,manu,Access Granted
2026-03-07 23:16:38,manu,Access Granted
2026-03-07 23:16:38,manu,Access Granted
2026-03-07 23:16:38,Unknown,Spoof
2026-03-07 23:16:38,Unknown,Spoof
2026-03-07 23:16:38,Unknown,Spoof
2026-03-07 23:16:38,Unknown,Spoof
2026-03-07 23:16:38,Unknown,Spoof
2026-03-07 23:16:38,Unknown,Spoof
2026-03-07 23:16:39,Unknown,Spoof
2026-03-07 23:16:39,Unknown,Spoof
2026-03-07 23:16:39,Unknown,Spoof
2026-03-07 23:16:39,Unknown,Spoof
2026-03-07 23:16:39,Unknown,Spoof
2026-03-07 23:16:39,Unknown,Spoof
2026-03-07 23:16:39,Unknown,Spoof
2026-03-07 23:16:39,Unknown,Spoof
2026-03-07 23:16:39,Unknown,Spoof
2026-03-07 23:16:39,Unknown,Spoof
2026-03-07 23:16:39,manu,Access Granted
2026-03-07 23:16:39,manu,Access Granted
2026-03-07 23:16:39,manu,Access Granted
2026-03-07 23:16:39,manu,Access Granted
2026-03-07 23:16:40,manu,Access Granted
2026-03-07 23:16:40,manu,Access Granted
2026-03-07 23:16:40,manu,Access Granted
2026-03-07 23:16:40,manu,Access Granted
2026-03-07 23:16:40,manu,Access Granted
2026-03-07 23:16:40,manu,Access Granted
2026-03-07 23:16:40,manu,Access Granted
2026-03-07 23:16:40,manu,Access Granted
2026-03-07 23:16:40,manu,Access Granted
2026-03-07 23:16:41,manu,Access Granted
2026-03-07 23:16:41,manu,Access Granted
2026-03-07 23:16:41,manu,Access Granted
2026-03-07 23:16:41,manu,Access Granted
2026-03-07 23:16:41,manu,Access Granted
2026-03-07 23:16:41,manu,Access Granted
2026-03-07 23:16:41,manu,Access Granted
2026-03-07 23:16:41,manu,Access Granted
2026-03-07 23:16:42,Unknown,Spoof
2026-03-07 23:16:42,Unknown,Spoof
2026-03-07 23:16:42,manu,Access Granted
2026-03-07 23:16:42,manu,Access Granted
2026-03-07 23:16:42,manu,Access Granted
2026-03-07 23:16:42,manu,Access Granted
2026-03-07 23:16:42,manu,Access Granted
2026-03-07 23:16:42,manu,Access Granted
2026-03-07 23:16:42,manu,Access Granted
2026-03-07 23:16:42,manu,Access Granted
2026-03-07 23:16:42,manu,Access Granted
2026-03-07 23:16:43,manu,Access Granted
2026-03-07 23:16:43,manu,Access Granted
2026-03-07 23:16:43,manu,Access Granted
2026-03-07 23:16:43,manu,Access Granted
2026-03-07 23:16:43,manu,Access Granted
2026-03-07 23:16:43,manu,Access Granted
2026-03-07 23:16:43,manu,Access Granted
2026-03-07 23:16:43,manu,Access Granted
2026-03-07 23:16:43,manu,Access Granted
2026-03-07 23:16:44,manu,Access Granted
2026-03-07 23:16:44,manu,Access Granted
2026-03-07 23:16:44,manu,Access Granted
2026-03-07 23:16:44,manu,Access Granted
2026-03-07 23:16:44,manu,Access Granted
2026-03-07 23:16:44,manu,Access Granted
2026-03-07 23:16:44,manu,Access Granted
2026-03-07 23:16:44,manu,Access Granted
2026-03-07 23:16:44,manu,Access Granted
2026-03-07 23:16:45,manu,Access Granted
2026-03-07 23:16:45,manu,Access Granted
2026-03-07 23:16:45,manu,Access Granted
2026-03-07 23:16:45,manu,Access Granted
2026-03-07 23:16:45,manu,Access Granted
2026-03-07 23:16:45,manu,Access Granted
2026-03-07 23:16:45,manu,Access Granted
2026-03-07 23:16:45,manu,Access Granted
2026-03-07 23:16:45,manu,Access Granted
2026-03-07 23:16:45,manu,Access Granted
2026-03-07 23:16:46,manu,Access Granted
2026-03-07 23:16:46,manu,Access Granted
2026-03-07 23:16:46,manu,Access Granted
2026-03-07 23:16:46,manu,Access Granted
2026-03-07 23:16:46,manu,Access Granted
2026-03-07 23:16:46,manu,Access Granted
2026-03-07 23:16:46,manu,Access Granted
2026-03-07 23:16:46,manu,Access Granted
2026-03-07 23:16:46,manu,Access Granted
2026-03-07 23:16:47,manu,Access Granted
2026-03-07 23:16:47,manu,Access Granted
2026-03-07 23:16:47,manu,Access Granted
2026-03-07 23:16:47,manu,Access Granted
2026-03-07 23:16:47,manu,Access Granted
2026-03-07 23:16:47,manu,Access Granted
2026-03-07 23:16:47,manu,Access Granted
2026-03-07 23:16:47,manu,Access Granted
2026-03-07 23:16:47,manu,Access Granted
2026-03-07 23:16:47,manu,Access Granted
2026-03-07 23:16:48,manu,Access Granted
2026-03-07 23:16:48,manu,Access Granted
2026-03-07 23:16:48,manu,Access Granted
2026-03-07 23:16:48,manu,Access Granted
2026-03-07 23:16:48,manu,Access Granted
2026-03-07 23:16:48,manu,Access Granted
2026-03-07 23:16:48,manu,Access Granted
2026-03-07 23:16:48,manu,Access Granted
2026-03-07 23:16:48,manu,Access Granted
2026-03-07 23:16:49,manu,Access Granted
2026-03-07 23:16:49,manu,Access Granted
2026-03-07 23:16:49,manu,Access Granted
2026-03-07 23:16:49,manu,Access Granted
2026-03-07 23:16:49,manu,Access Granted
2026-03-07 23:16:49,manu,Access Granted
2026-03-07 23:16:53,Unknown,Spoof
2026-03-07 23:16:53,Unknown,Spoof
2026-03-07 23:16:53,Unknown,Spoof
2026-03-07 23:16:53,Unknown,Spoof
2026-03-07 23:16:53,Unknown,Spoof
2026-03-07 23:16:53,Unknown,Spoof
2026-03-07 23:16:53,Unknown,Spoof
2026-03-07 23:16:53,Unknown,Spoof
2026-03-07 23:16:53,Unknown,Spoof
2026-03-07 23:16:54,Unknown,Spoof
2026-03-07 23:16:54,Unknown,Spoof
2026-03-07 23:16:54,Unknown,Spoof
2026-03-07 23:16:54,Unknown,Spoof
2026-03-07 23:16:54,Unknown,Spoof
2026-03-07 23:16:54,Unknown,Spoof
2026-03-07 23:16:54,Unknown,Spoof
2026-03-07 23:16:54,Unknown,Spoof
2026-03-07 23:16:54,Unknown,Spoof
2026-03-07 23:16:54,Unknown,Spoof
2026-03-07 23:16:54,Unknown,Spoof
2026-03-07 23:16:54,Unknown,Spoof
2026-03-07 23:16:54,Unknown,Spoof
2026-03-07 23:16:54,Unknown,Spoof
2026-03-07 23:16:54,Unknown,Spoof
2026-03-07 23:16:54,Unknown,Spoof
2026-03-07 23:16:54,Unknown,Spoof
2026-03-07 23:16:55,Unknown,Spoof
2026-03-07 23:16:55,Unknown,Spoof
2026-03-07 23:16:55,Unknown,Spoof
2026-03-07 23:16:55,Unknown,Spoof
2026-03-07 23:16:55,Unknown,Spoof
2026-03-07 23:16:55,Unknown,Spoof
2026-03-07 23:16:55,Unknown,Spoof
2026-03-07 23:16:55,Unknown,Spoof
2026-03-07 23:16:55,Unknown,Spoof
2026-03-07 23:16:56,Unknown,Spoof
2026-03-07 23:16:58,Unknown,Spoof
2026-03-07 23:16:59,Unknown,Spoof
2026-03-07 23:24:49,manu,Access Granted
2026-03-07 23:24:49,manu,Access Granted
2026-03-07 23:24:49,manu,Access Granted
2026-03-07 23:24:49,manu,Access Granted
2026-03-07 23:24:49,manu,Access Granted
2026-03-07 23:24:49,manu,Access Granted
2026-03-07 23:24:50,manu,Access Granted
2026-03-07 23:24:50,manu,Access Granted
2026-03-07 23:24:50,manu,Access Granted
2026-03-07 23:24:50,manu,Access Granted
2026-03-07 23:24:50,manu,Access Granted
2026-03-07 23:24:50,manu,Access Granted
2026-03-07 23:24:50,manu,Access Granted
2026-03-07 23:24:50,manu,Access Granted
2026-03-07 23:24:50,manu,Access Granted
2026-03-07 23:24:51,manu,Access Granted
2026-03-07 23:24:51,manu,Access Granted
2026-03-07 23:24:51,manu,Access Granted
2026-03-07 23:24:51,manu,Access Granted
2026-03-07 23:24:51,manu,Access Granted
2026-03-07 23:24:51,manu,Access Granted
2026-03-07 23:24:51,manu,Access Granted
2026-03-07 23:24:52,manu,Access Granted
2026-03-07 23:24:52,manu,Access Granted
2026-03-07 23:24:52,manu,Access Granted
2026-03-07 23:24:52,manu,Access Granted
2026-03-07 23:24:52,manu,Access Granted
2026-03-07 23:24:52,manu,Access Granted
2026-03-07 23:24:52,manu,Access Granted
2026-03-07 23:24:52,manu,Access Granted
2026-03-07 23:24:52,manu,Access Granted
2026-03-07 23:24:53,manu,Access Granted
2026-03-07 23:24:53,manu,Access Granted
2026-03-07 23:24:53,manu,Access Granted
2026-03-07 23:24:53,manu,Access Granted
2026-03-07 23:24:53,manu,Access Granted
2026-03-07 23:24:53,manu,Access Granted
2026-03-07 23:24:53,manu,Access Granted
2026-03-07 23:24:53,manu,Access Granted
2026-03-07 23:24:53,manu,Access Granted
2026-03-07 23:24:54,manu,Access Granted
2026-03-07 23:24:54,manu,Access Granted
2026-03-07 23:24:54,manu,Access Granted
2026-03-07 23:24:54,manu,Access Granted
2026-03-07 23:24:54,manu,Access Granted
2026-03-07 23:24:54,manu,Access Granted
2026-03-07 23:24:54,manu,Access Granted
2026-03-07 23:24:54,manu,Access Granted
2026-03-07 23:24:55,manu,Access Granted
2026-03-07 23:24:55,manu,Access Granted
2026-03-07 23:24:55,manu,Access Granted
2026-03-07 23:25:02,Unknown,Spoof
2026-03-07 23:25:02,Unknown,Spoof
2026-03-07 23:25:02,Unknown,Spoof
2026-03-07 23:25:02,Unknown,Spoof
2026-03-07 23:25:02,Unknown,Spoof
2026-03-07 23:25:02,Unknown,Spoof
2026-03-07 23:25:02,Unknown,Spoof
2026-03-07 23:25:03,Unknown,Spoof
2026-03-07 23:25:03,Unknown,Spoof
2026-03-07 23:25:03,Unknown,Spoof
2026-03-07 23:25:03,Unknown,Spoof
2026-03-07 23:25:03,Unknown,Spoof
2026-03-07 23:25:03,Unknown,Spoof
2026-03-07 23:25:03,Unknown,Spoof
2026-03-07 23:25:03,Unknown,Spoof
2026-03-07 23:25:03,Unknown,Spoof
2026-03-08 13:13:46,manu,Access Granted
2026-03-08 13:13:47,manu,Access Granted
2026-03-08 13:13:47,manu,Access Granted
2026-03-08 13:13:47,manu,Access Granted
2026-03-08 13:13:47,manu,Access Granted
2026-03-08 13:13:47,manu,Access Granted
2026-03-08 13:13:47,manu,Access Granted
2026-03-08 13:13:47,manu,Access Granted
2026-03-08 13:13:47,manu,Access Granted
2026-03-08 13:13:48,manu,Access Granted
2026-03-08 13:13:48,manu,Access Granted
2026-03-08 13:13:48,manu,Access Granted
2026-03-08 13:13:48,Unknown,Spoof
2026-03-08 13:13:48,Unknown,Spoof
2026-03-08 13:13:48,manu,Access Granted
2026-03-08 13:13:48,manu,Access Granted
2026-03-08 13:13:48,manu,Access Granted
2026-03-08 13:13:48,manu,Access Granted
2026-03-08 13:13:49,manu,Access Granted
2026-03-08 13:13:49,manu,Access Granted
2026-03-08 13:13:49,manu,Access Granted
2026-03-08 13:13:49,manu,Access Granted
2026-03-08 13:13:49,manu,Access Granted
2026-03-08 13:13:49,manu,Access Granted
2026-03-08 13:13:49,manu,Access Granted
2026-03-08 13:13:49,manu,Access Granted
2026-03-08 13:13:50,manu,Access Granted
2026-03-08 13:13:50,manu,Access Granted
2026-03-08 13:13:50,manu,Access Granted
2026-03-08 13:13:50,manu,Access Granted
2026-03-08 13:13:50,manu,Access Granted
2026-03-08 13:13:50,manu,Access Granted
2026-03-08 13:13:50,manu,Access Granted
2026-03-08 13:13:50,manu,Access Granted
2026-03-08 13:13:50,manu,Access Granted
2026-03-08 13:13:51,manu,Access Granted
2026-03-08 13:13:51,manu,Access Granted
2026-03-08 13:13:51,manu,Access Granted
2026-03-08 13:13:51,manu,Access Granted
2026-03-08 13:13:51,manu,Access Granted
2026-03-08 13:13:51,manu,Access Granted
2026-03-08 13:13:51,manu,Access Granted
2026-03-08 13:13:51,manu,Access Granted
2026-03-08 13:13:51,manu,Access Granted
2026-03-08 13:13:52,manu,Access Granted
2026-03-08 13:13:52,manu,Access Granted
2026-03-08 13:13:52,manu,Access Granted
2026-03-08 13:13:52,manu,Access Granted
2026-03-08 13:13:52,manu,Access Granted
2026-03-08 13:14:07,Unknown,Spoof
2026-03-08 13:14:08,Unknown,Spoof
2026-03-08 13:14:08,Unknown,Spoof
2026-03-08 13:14:08,Unknown,Spoof
2026-03-08 13:14:08,Unknown,Spoof
2026-03-08 13:14:08,Unknown,Spoof
2026-03-08 13:14:08,Unknown,Spoof
2026-03-08 13:14:08,Unknown,Spoof
2026-03-08 13:14:08,Unknown,Spoof
2026-03-08 13:14:08,Unknown,Spoof
2026-03-08 13:14:08,Unknown,Spoof
2026-03-08 13:14:08,Unknown,Spoof
2026-03-08 13:14:08,Unknown,Spoof
2026-03-08 13:14:08,Unknown,Spoof
2026-03-08 13:14:08,Unknown,Spoof
2026-03-08 13:14:08,Unknown,Spoof
2026-03-08 13:14:09,Unknown,Spoof
2026-03-08 13:14:09,Unknown,Spoof
2026-03-08 13:14:09,Unknown,Spoof
2026-03-08 13:14:09,Unknown,Spoof
2026-03-08 13:14:09,manu,Access Granted
2026-03-08 13:14:09,manu,Access Granted
2026-03-08 13:14:10,manu,Access Granted
2026-03-08 13:14:10,manu,Access Granted
2026-03-08 13:14:10,manu,Access Granted
2026-03-08 13:14:10,manu,Access Granted
2026-03-08 13:14:10,manu,Access Granted
2026-03-08 13:14:10,manu,Access Granted
2026-03-08 13:14:10,manu,Access Granted
2026-03-08 13:14:10,manu,Access Granted
2026-03-08 13:14:11,manu,Access Granted
2026-03-08 13:14:11,manu,Access Granted
2026-03-08 13:14:11,manu,Access Granted
2026-03-08 13:14:11,manu,Access Granted
2026-03-08 13:14:11,manu,Access Granted
2026-03-08 13:14:11,manu,Access Granted
2026-03-08 13:14:11,manu,Access Granted
2026-03-08 13:14:11,manu,Access Granted
2026-03-08 13:14:11,manu,Access Granted
2026-03-08 13:14:12,manu,Access Granted
2026-03-08 13:14:12,manu,Access Granted
2026-03-08 13:14:12,manu,Access Granted
2026-03-08 13:14:12,manu,Access Granted
2026-03-08 13:14:12,manu,Access Granted
2026-03-08 13:14:12,manu,Access Granted
2026-03-08 13:14:12,manu,Access Granted
2026-03-08 13:14:12,manu,Access Granted
2026-03-08 13:14:12,manu,Access Granted
2026-03-08 13:14:13,Unknown,Spoof
2026-03-08 13:14:13,Unknown,Spoof
2026-03-08 13:14:13,Unknown,Spoof
2026-03-08 13:14:13,Unknown,Spoof
2026-03-08 13:14:13,Unknown,Spoof
2026-03-08 13:14:13,Unknown,Spoof
2026-03-08 13:14:13,Unknown,Spoof
2026-03-08 13:14:13,Unknown,Spoof
2026-03-08 13:14:13,Unknown,Spoof
2026-03-08 13:14:13,Unknown,Spoof
2026-03-08 13:14:13,Unknown,Spoof
2026-03-08 13:14:13,Unknown,Spoof
2026-03-08 13:14:13,Unknown,Spoof
2026-03-08 13:14:14,Unknown,Spoof
2026-03-08 13:14:14,Unknown,Spoof
2026-03-08 13:14:14,Unknown,Spoof
2026-03-08 13:14:14,Unknown,Spoof
2026-03-08 13:14:14,manu,Access Granted
2026-03-08 13:14:14,manu,Access Granted
2026-03-08 13:14:14,manu,Access Granted
2026-03-08 13:14:16,manu,Access Granted
2026-03-08 13:14:16,manu,Access Granted
2026-03-08 13:14:16,manu,Access Granted
2026-03-08 13:14:17,manu,Access Granted
2026-03-08 13:14:17,manu,Access Granted
2026-03-08 13:14:18,manu,Access Granted
2026-03-08 13:14:18,manu,Access Granted
2026-03-08 13:14:18,manu,Access Granted
2026-03-08 13:14:18,manu,Access Granted
2026-03-08 13:14:18,manu,Access Granted
2026-03-08 13:14:18,manu,Access Granted
2026-03-08 13:14:18,manu,Access Granted
2026-03-08 13:14:18,manu,Access Granted
2026-03-08 13:14:18,Unknown,Spoof
2026-03-08 13:14:18,Unknown,Spoof
2026-03-08 13:14:19,Unknown,Spoof
2026-03-08 13:14:19,Unknown,Spoof
2026-03-08 13:14:19,Unknown,Spoof
2026-03-08 13:14:19,Unknown,Spoof
2026-03-08 13:14:19,Unknown,Spoof
2026-03-08 13:14:19,Unknown,Spoof
2026-03-08 13:14:19,Unknown,Spoof
2026-03-08 13:14:19,Unknown,Spoof
2026-03-08 13:14:19,Unknown,Spoof
2026-03-08 13:14:19,Unknown,Spoof
2026-03-08 13:14:19,Unknown,Spoof
2026-03-08 13:14:19,Unknown,Spoof
2026-03-08 13:14:19,Unknown,Spoof
2026-03-08 13:14:19,Unknown,Spoof
2026-03-08 13:14:20,Unknown,Spoof
2026-03-08 13:14:20,Unknown,Spoof
2026-03-08 13:14:20,Unknown,Spoof
2026-03-08 13:14:20,Unknown,Spoof
2026-03-08 13:14:20,Unknown,Spoof
2026-03-08 13:14:20,Unknown,Spoof
2026-03-08 13:14:20,Unknown,Spoof
2026-03-08 13:14:20,Unknown,Spoof
2026-03-08 13:14:20,Unknown,Spoof
2026-03-08 13:14:20,Unknown,Spoof
2026-03-08 13:14:20,Unknown,Spoof
2026-03-08 13:14:20,Unknown,Spoof
2026-03-08 13:14:21,Unknown,Spoof
2026-03-08 13:14:21,Unknown,Spoof
2026-03-08 13:14:21,Unknown,Spoof
2026-03-08 13:14:21,Unknown,Spoof
2026-03-08 13:14:21,Unknown,Spoof
2026-03-08 13:14:21,Unknown,Spoof
2026-03-08 13:14:21,Unknown,Spoof
2026-03-08 13:14:21,Unknown,Spoof
2026-03-08 13:14:21,Unknown,Spoof
2026-03-08 13:14:21,Unknown,Spoof
2026-03-08 13:14:21,Unknown,Spoof
2026-03-08 13:14:21,Unknown,Spoof
2026-03-08 13:14:21,Unknown,Spoof
2026-03-08 13:14:22,Unknown,Spoof
2026-03-08 13:14:22,Unknown,Spoof
2026-03-08 13:14:22,Unknown,Spoof
2026-03-08 13:14:22,Unknown,Spoof
2026-03-08 13:14:22,Unknown,Spoof
2026-03-08 13:14:22,Unknown,Spoof
2026-03-08 13:14:22,Unknown,Spoof
2026-03-08 13:14:22,Unknown,Spoof
2026-03-08 13:14:22,Unknown,Spoof
2026-03-08 13:14:22,Unknown,Spoof
2026-03-08 13:14:22,Unknown,Spoof
2026-03-08 13:14:22,Unknown,Spoof
2026-03-08 13:14:22,Unknown,Spoof
2026-03-08 13:14:22,Unknown,Spoof
2026-03-08 13:14:22,Unknown,Spoof
2026-03-08 13:14:23,Unknown,Spoof
2026-03-08 13:14:23,Unknown,Spoof
2026-03-08 13:14:23,Unknown,Spoof
2026-03-08 13:14:23,Unknown,Spoof
2026-03-08 13:14:23,Unknown,Spoof
2026-03-08 13:14:23,Unknown,Spoof
2026-03-08 13:14:23,Unknown,Spoof
2026-03-08 13:14:23,Unknown,Spoof
2026-03-08 13:14:23,Unknown,Spoof
2026-03-08 13:14:23,Unknown,Spoof
2026-03-08 13:14:23,Unknown,Spoof
2026-03-08 13:14:23,Unknown,Spoof
2026-03-08 13:14:23,Unknown,Spoof
2026-03-08 13:14:23,Unknown,Spoof
2026-03-08 13:14:24,Unknown,Spoof
2026-03-08 13:14:24,Unknown,Spoof
2026-03-08 13:14:24,Unknown,Spoof
2026-03-08 13:14:24,Unknown,Spoof
2026-03-08 13:14:24,Unknown,Spoof
2026-03-08 13:14:24,Unknown,Spoof
2026-03-08 13:14:24,Unknown,Spoof
2026-03-08 13:14:24,Unknown,Spoof
2026-03-08 13:14:24,Unknown,Spoof
2026-03-08 13:14:24,Unknown,Spoof
2026-03-08 13:14:24,Unknown,Spoof
2026-03-08 13:14:24,Unknown,Spoof
2026-03-08 13:14:25,Unknown,Spoof
2026-03-08 13:14:25,Unknown,Spoof
2026-03-08 13:14:25,Unknown,Spoof
2026-03-08 13:14:25,Unknown,Spoof
2026-03-08 13:14:25,Unknown,Spoof
2026-03-08 13:14:25,Unknown,Spoof
2026-03-08 13:14:25,Unknown,Spoof
2026-03-08 13:14:25,manu,Access Granted
2026-03-08 13:14:25,manu,Access Granted
2026-03-08 13:14:25,manu,Access Granted
2026-03-08 13:14:25,manu,Access Granted
2026-03-08 13:14:25,manu,Access Granted
2026-03-08 13:14:26,manu,Access Granted
2026-03-08 13:14:26,manu,Access Granted
2026-03-08 13:14:26,manu,Access Granted
2026-03-08 13:14:26,manu,Access Granted
2026-03-08 13:14:26,manu,Access Granted
2026-03-08 13:14:26,manu,Access Granted
2026-03-08 13:14:26,manu,Access Granted
2026-03-08 13:14:26,manu,Access Granted
2026-03-08 13:14:27,manu,Access Granted
2026-03-08 13:14:27,manu,Access Granted
2026-03-08 13:14:27,manu,Access Granted
2026-03-08 13:14:27,manu,Access Granted
2026-03-08 13:14:27,manu,Access Granted
2026-03-08 13:14:27,manu,Access Granted
2026-03-08 13:14:27,manu,Access Granted
2026-03-08 13:14:27,manu,Access Granted
2026-03-08 13:14:28,manu,Access Granted
2026-03-08 13:14:28,manu,Access Granted
2026-03-08 13:14:28,manu,Access Granted
2026-03-08 13:14:29,manu,Access Granted
2026-03-08 13:14:29,manu,Access Granted
2026-03-08 13:14:29,manu,Access Granted
2026-03-08 13:14:29,manu,Access Granted
2026-03-08 13:14:29,manu,Access Granted
2026-03-08 13:14:30,manu,Access Granted
2026-03-08 13:14:30,Unknown,Spoof
2026-03-08 13:14:30,Unknown,Spoof
2026-03-08 13:14:30,Unknown,Spoof
2026-03-08 13:14:30,manu,Access Granted
2026-03-08 13:14:30,manu,Access Granted
2026-03-08 13:14:30,manu,Access Granted
2026-03-08 13:14:30,manu,Access Granted
2026-03-08 13:14:31,manu,Access Granted
2026-03-08 13:14:31,manu,Access Granted
2026-03-08 13:14:31,manu,Access Granted
2026-03-08 13:14:31,manu,Access Granted
2026-03-08 13:14:31,manu,Access Granted
2026-03-08 13:14:31,manu,Access Granted
2026-03-08 13:14:31,manu,Access Granted
2026-03-08 13:14:31,manu,Access Granted
2026-03-08 13:14:32,manu,Access Granted
2026-03-08 13:14:32,manu,Access Granted
2026-03-08 13:14:32,manu,Access Granted
2026-03-08 13:14:32,manu,Access Granted
2026-03-08 13:14:32,manu,Access Granted
2026-03-08 13:14:32,manu,Access Granted
2026-03-08 13:14:32,manu,Access Granted
2026-03-08 13:14:32,manu,Access Granted
2026-03-08 13:14:33,Unknown,Spoof
2026-03-08 13:14:33,Unknown,Spoof
2026-03-08 13:14:33,Unknown,Spoof
2026-03-08 13:14:33,Unknown,Spoof
2026-03-08 13:14:33,Unknown,Spoof
2026-03-08 13:14:33,manu,Access Granted
2026-03-08 13:14:33,manu,Access Granted
2026-03-08 13:14:34,manu,Access Granted
2026-03-08 13:14:34,manu,Access Granted
2026-03-08 13:14:34,manu,Access Granted
2026-03-08 13:14:34,manu,Access Granted
2026-03-08 13:14:34,manu,Access Granted
2026-03-08 13:14:34,manu,Access Granted
2026-03-08 13:14:34,manu,Access Granted
2026-03-08 13:14:34,manu,Access Granted
2026-03-08 13:14:35,manu,Access Granted
2026-03-08 13:14:35,manu,Access Granted
2026-03-08 13:14:35,manu,Access Granted
2026-03-08 13:14:35,manu,Access Granted
2026-03-08 13:14:35,manu,Access Granted
2026-03-08 13:14:38,Unknown,Spoof
2026-03-08 13:14:38,manu,Access Granted
2026-03-08 13:14:38,manu,Access Granted
2026-03-08 13:14:38,manu,Access Granted
2026-03-08 13:14:39,manu,Access Granted
2026-03-08 13:14:39,manu,Access Granted
2026-03-08 13:14:39,manu,Access Granted
2026-03-08 13:14:39,manu,Access Granted
2026-03-08 13:14:39,manu,Access Granted
2026-03-08 13:14:39,manu,Access Granted
2026-03-08 13:14:39,manu,Access Granted
2026-03-08 13:14:39,manu,Access Granted
2026-03-08 13:14:39,manu,Access Granted
2026-03-08 13:14:40,manu,Access Granted
2026-03-08 13:14:40,manu,Access Granted
2026-03-08 13:14:40,manu,Access Granted
2026-03-08 13:14:40,manu,Access Granted
2026-03-08 13:14:40,manu,Access Granted
2026-03-08 13:14:40,manu,Access Granted
2026-03-08 13:14:40,Unknown,Spoof
2026-03-08 13:14:40,Unknown,Spoof
2026-03-08 13:14:40,Unknown,Spoof
2026-03-08 13:14:40,Unknown,Spoof
2026-03-08 13:14:41,Unknown,Spoof
2026-03-08 13:14:41,Unknown,Spoof
2026-03-08 13:14:41,Unknown,Spoof
2026-03-08 13:14:41,Unknown,Spoof
2026-03-08 13:14:41,Unknown,Spoof
2026-03-08 13:14:41,Unknown,Spoof
2026-03-08 13:14:41,Unknown,Spoof
2026-03-08 13:14:41,Unknown,Spoof
2026-03-08 13:14:41,Unknown,Spoof
2026-03-08 13:14:41,Unknown,Spoof
2026-03-08 13:14:41,Unknown,Spoof
2026-03-08 13:14:41,Unknown,Spoof
2026-03-08 13:14:41,Unknown,Spoof
2026-03-08 13:14:41,Unknown,Spoof
2026-03-08 13:14:42,Unknown,Spoof
2026-03-08 13:14:42,Unknown,Spoof
2026-03-08 13:14:42,Unknown,Spoof
2026-03-08 13:14:42,Unknown,Spoof
2026-03-08 13:14:42,Unknown,Spoof
2026-03-08 13:14:42,Unknown,Spoof
2026-03-08 13:14:42,Unknown,Spoof
2026-03-08 13:14:42,Unknown,Spoof
2026-03-08 13:14:42,Unknown,Spoof
2026-03-08 13:14:42,Unknown,Spoof
2026-03-08 13:14:42,Unknown,Spoof
2026-03-08 13:14:42,Unknown,Spoof
2026-03-08 13:14:42,Unknown,Spoof
2026-03-08 13:14:42,Unknown,Spoof
2026-03-08 13:14:43,Unknown,Spoof
2026-03-08 13:14:43,Unknown,Spoof
2026-03-08 13:14:43,Unknown,Spoof
2026-03-08 13:14:43,Unknown,Spoof
2026-03-08 13:14:43,Unknown,Spoof
2026-03-08 13:14:43,Unknown,Spoof
2026-03-08 13:14:43,Unknown,Spoof
2026-03-08 13:14:43,Unknown,Spoof
2026-03-08 13:14:43,Unknown,Spoof
2026-03-08 13:14:43,Unknown,Spoof
2026-03-08 13:14:43,Unknown,Spoof
2026-03-08 13:14:43,Unknown,Spoof
2026-03-08 13:14:43,Unknown,Spoof
2026-03-08 13:14:44,Unknown,Spoof
2026-03-08 13:14:44,Unknown,Spoof
2026-03-08 13:14:44,Unknown,Spoof
2026-03-08 13:14:44,Unknown,Spoof
2026-03-08 13:14:44,Unknown,Spoof
2026-03-08 13:14:44,Unknown,Spoof
2026-03-08 13:14:44,Unknown,Spoof
2026-03-08 13:14:44,Unknown,Spoof
2026-03-08 13:14:44,Unknown,Spoof
2026-03-08 13:14:44,Unknown,Spoof
2026-03-08 13:14:44,Unknown,Spoof
2026-03-08 13:14:44,Unknown,Spoof
2026-03-08 13:14:44,Unknown,Spoof
2026-03-08 13:14:45,Unknown,Spoof
2026-03-08 13:14:45,Unknown,Spoof
2026-03-08 13:14:45,Unknown,Spoof
2026-03-08 13:14:45,Unknown,Spoof
2026-03-08 13:14:45,Unknown,Spoof
2026-03-08 13:14:45,Unknown,Spoof
2026-03-08 13:14:45,Unknown,Spoof
2026-03-08 13:14:45,Unknown,Spoof
2026-03-08 13:14:45,Unknown,Spoof
2026-03-08 13:14:45,Unknown,Spoof
2026-03-08 13:14:45,Unknown,Spoof
2026-03-08 13:14:45,Unknown,Spoof
2026-03-08 13:14:45,Unknown,Spoof
2026-03-08 13:14:46,Unknown,Spoof
2026-03-08 13:14:46,Unknown,Spoof
2026-03-08 13:14:46,Unknown,Spoof
2026-03-08 13:14:46,Unknown,Spoof
2026-03-08 13:14:46,Unknown,Spoof
2026-03-08 13:14:46,Unknown,Spoof
2026-03-08 13:14:46,Unknown,Spoof
2026-03-08 13:14:46,Unknown,Spoof
2026-03-08 13:14:46,Unknown,Spoof
2026-03-08 13:14:46,Unknown,Spoof
2026-03-08 13:14:46,Unknown,Spoof
2026-03-08 13:14:46,Unknown,Spoof
2026-03-08 13:14:46,Unknown,Spoof
2026-03-08 13:14:47,Unknown,Spoof
2026-03-08 13:14:47,Unknown,Spoof
2026-03-08 13:14:47,Unknown,Spoof
2026-03-08 13:14:47,Unknown,Spoof
2026-03-08 13:14:47,Unknown,Spoof
2026-03-08 13:14:47,Unknown,Spoof
2026-03-08 13:14:47,Unknown,Spoof
2026-03-08 13:14:47,Unknown,Spoof
2026-03-08 13:14:47,Unknown,Spoof
2026-03-08 13:14:47,Unknown,Spoof
2026-03-08 13:14:47,Unknown,Spoof
2026-03-08 13:14:47,Unknown,Spoof
2026-03-08 13:14:47,Unknown,Spoof
2026-03-08 13:14:47,Unknown,Spoof
2026-03-08 13:14:48,Unknown,Spoof
2026-03-08 13:14:48,Unknown,Spoof
2026-03-08 13:14:48,Unknown,Spoof
2026-03-08 13:14:48,Unknown,Spoof
2026-03-08 13:14:48,Unknown,Spoof
2026-03-08 13:14:48,Unknown,Spoof
2026-03-08 13:19:31,manohark,Access Granted
2026-03-08 13:19:32,km,Access Granted
2026-03-08 13:19:32,manu,Access Granted
2026-03-08 13:19:32,vivek,Access Granted
2026-03-08 13:19:32,vivek,Access Granted
2026-03-08 13:19:33,vivek,Access Granted
2026-03-08 13:19:33,manu,Access Granted
2026-03-08 13:19:33,manu,Access Granted
2026-03-08 13:19:33,manu,Access Granted
2026-03-08 13:19:33,manu,Access Granted
2026-03-08 13:19:33,manu,Access Granted
2026-03-08 13:19:34,manu,Access Granted
2026-03-08 13:19:34,manu,Access Granted
2026-03-08 13:19:34,manu,Access Granted
2026-03-08 13:19:34,manu,Access Granted
2026-03-08 13:19:38,km,Access Granted
2026-03-08 13:19:38,manu,Access Granted
2026-03-08 13:19:38,manu,Access Granted
2026-03-08 13:19:38,manu,Access Granted
2026-03-08 13:19:38,manu,Access Granted
2026-03-08 13:19:38,manu,Access Granted
2026-03-08 13:19:39,manu,Access Granted
2026-03-08 13:19:39,manu,Access Granted
2026-03-08 13:19:39,manu,Access Granted
2026-03-08 13:19:39,manu,Access Granted
2026-03-08 13:19:39,manu,Access Granted
2026-03-08 13:19:39,manu,Access Granted
2026-03-08 13:19:50,vik,Access Granted
2026-03-08 13:19:50,vik,Access Granted
2026-03-08 13:19:50,km,Access Granted
2026-03-08 13:19:50,vik,Access Granted
2026-03-08 13:19:50,vik,Access Granted
2026-03-08 13:19:51,manu,Access Granted
2026-03-08 13:19:51,manu,Access Granted
2026-03-08 13:19:51,km,Access Granted
2026-03-08 13:19:51,km,Access Granted
2026-03-08 13:19:51,km,Access Granted
2026-03-08 13:19:51,km,Access Granted
2026-03-08 13:19:52,km,Access Granted
2026-03-08 13:19:52,km,Access Granted
2026-03-08 13:19:52,km,Access Granted
2026-03-08 13:19:52,vik,Access Granted
2026-03-08 13:19:52,km,Access Granted
2026-03-08 13:19:52,manu,Access Granted
2026-03-08 13:19:53,vik,Access Granted
2026-03-08 13:19:53,vik,Access Granted
2026-03-08 13:19:53,vik,Access Granted
2026-03-08 13:19:53,vik,Access Granted
2026-03-08 13:19:53,vik,Access Granted
2026-03-08 13:19:53,vik,Access Granted
2026-03-08 13:19:54,vik,Access Granted
2026-03-08 13:19:54,vik,Access Granted
2026-03-08 13:19:54,vik,Access Granted
2026-03-08 13:19:54,vik,Access Granted
2026-03-08 13:19:54,vik,Access Granted
2026-03-08 13:19:54,manu,Access Granted
2026-03-08 13:19:54,vik,Access Granted
2026-03-08 13:19:55,vik,Access Granted
2026-03-08 13:19:55,vik,Access Granted
2026-03-08 13:19:55,vik,Access Granted
2026-03-08 13:19:55,vik,Access Granted
2026-03-08 13:19:55,vik,Access Granted
2026-03-08 13:19:55,vik,Access Granted
2026-03-08 13:19:56,vik,Access Granted
2026-03-08 13:19:56,vik,Access Granted
2026-03-08 13:19:56,vik,Access Granted
2026-03-08 13:19:56,km,Access Granted
2026-03-08 13:19:56,vik,Access Granted
2026-03-08 13:19:56,vik,Access Granted
2026-03-08 13:19:57,km,Access Granted
2026-03-08 13:19:57,km,Access Granted
2026-03-08 13:19:57,vik,Access Granted
2026-03-08 13:19:57,vik,Access Granted
2026-03-08 13:19:57,vik,Access Granted
2026-03-08 13:19:57,vik,Access Granted
2026-03-08 13:19:58,manohark,Access Granted
2026-03-08 13:19:58,km,Access Granted
2026-03-08 13:19:58,km,Access Granted
2026-03-08 13:19:58,km,Access Granted
2026-03-08 13:20:02,km,Access Granted
2026-03-08 13:20:02,km,Access Granted
2026-03-08 13:20:02,km,Access Granted
2026-03-08 13:20:02,km,Access Granted
2026-03-08 13:20:02,km,Access Granted
2026-03-08 13:20:03,km,Access Granted
2026-03-08 13:20:03,vik,Access Granted
2026-03-08 13:20:03,vik,Access Granted
2026-03-08 13:20:03,vik,Access Granted
2026-03-08 13:20:03,vik,Access Granted
2026-03-08 13:20:03,vik,Access Granted
2026-03-08 13:20:04,vik,Access Granted
2026-03-08 13:20:04,vik,Access Granted
2026-03-08 13:20:04,vik,Access Granted
2026-03-08 13:20:04,km,Access Granted
2026-03-08 13:20:12,km,Access Granted
2026-03-08 13:20:12,vik,Access Granted
2026-03-08 13:20:12,vik,Access Granted
2026-03-08 13:20:13,vik,Access Granted
2026-03-08 13:20:13,vik,Access Granted
2026-03-08 13:20:13,vik,Access Granted
2026-03-08 13:20:13,vik,Access Granted
2026-03-08 13:20:14,vik,Access Granted
2026-03-08 13:20:15,manohark,Access Granted
2026-03-08 13:20:16,manohark,Access Granted
2026-03-08 13:20:16,manohark,Access Granted
2026-03-08 13:20:16,km,Access Granted
2026-03-08 13:20:16,manohark,Access Granted
2026-03-08 13:20:16,manu,Access Granted
2026-03-08 13:20:16,km,Access Granted
2026-03-08 13:20:17,vivek,Access Granted
2026-03-08 13:20:17,manu,Access Granted
2026-03-08 13:20:17,vivek,Access Granted
2026-03-08 13:20:17,manohark,Access Granted
2026-03-08 13:20:17,manu,Access Granted
2026-03-08 13:20:17,manu,Access Granted
2026-03-08 13:20:24,manu,Access Granted
2026-03-08 13:20:25,manohark,Access Granted
2026-03-08 13:20:26,manohark,Access Granted
2026-03-08 13:20:26,manohark,Access Granted
2026-03-08 13:20:26,manohark,Access Granted
2026-03-08 13:20:26,manohark,Access Granted
2026-03-08 13:20:26,manohark,Access Granted
2026-03-08 13:20:27,manohark,Access Granted
2026-03-08 13:20:27,manohark,Access Granted
2026-03-08 13:20:27,manohark,Access Granted
2026-03-08 13:20:27,manohark,Access Granted
2026-03-08 13:20:27,manohark,Access Granted
2026-03-08 13:20:27,manohark,Access Granted
2026-03-08 13:20:28,manohark,Access Granted
2026-03-08 13:20:28,manohark,Access Granted
2026-03-08 13:20:28,manohark,Access Granted
2026-03-08 13:20:35,manohark,Access Granted
2026-03-08 13:20:35,manohark,Access Granted
2026-03-08 13:20:35,manohark,Access Granted
2026-03-08 13:20:36,manohark,Access Granted
2026-03-08 13:20:36,manohark,Access Granted
2026-03-08 13:20:36,manohark,Access Granted
2026-03-08 13:20:36,manohark,Access Granted
2026-03-08 13:20:37,manohark,Access Granted
2026-03-08 13:20:37,manohark,Access Granted
2026-03-08 13:20:37,manohark,Access Granted
2026-03-08 13:20:37,manohark,Access Granted
2026-03-08 13:20:37,manohark,Access Granted
2026-03-08 13:20:37,manohark,Access Granted
2026-03-08 13:20:38,manohark,Access Granted
2026-03-08 13:20:38,manohark,Access Granted
2026-03-08 13:20:38,manohark,Access Granted
2026-03-08 13:20:38,manohark,Access Granted
2026-03-08 13:20:38,manohark,Access Granted
2026-03-08 13:20:39,manohark,Access Granted
2026-03-08 13:20:39,manohark,Access Granted
2026-03-08 13:20:39,manohark,Access Granted
2026-03-08 13:20:39,manohark,Access Granted
2026-03-08 13:20:39,manohark,Access Granted
2026-03-08 13:20:40,manohark,Access Granted
2026-03-08 13:20:40,manohark,Access Granted
2026-03-08 13:20:40,manohark,Access Granted
2026-03-08 13:20:40,manohark,Access Granted
2026-03-08 13:20:41,manohark,Access Granted
2026-03-08 13:20:41,manohark,Access Granted
2026-03-08 13:20:41,manohark,Access Granted
2026-03-08 13:20:41,manohark,Access Granted
2026-03-08 13:20:42,manohark,Access Granted
2026-03-08 13:20:42,manohark,Access Granted
2026-03-08 13:20:42,manohark,Access Granted
2026-03-08 13:20:42,manohark,Access Granted
2026-03-08 13:20:43,manohark,Access Granted
2026-03-08 13:20:43,manohark,Access Granted
2026-03-08 13:20:43,manohark,Access Granted
2026-03-08 13:20:43,manohark,Access Granted
2026-03-08 13:20:43,manohark,Access Granted
2026-03-08 13:20:43,manohark,Access Granted
2026-03-08 13:20:43,manohark,Access Granted
2026-03-08 13:20:44,manohark,Access Granted
2026-03-08 13:20:44,manohark,Access Granted
2026-03-08 13:20:44,manohark,Access Granted
2026-03-08 13:20:44,manohark,Access Granted
2026-03-08 13:20:44,manohark,Access Granted
2026-03-08 13:20:44,manohark,Access Granted
2026-03-08 13:20:45,manohark,Access Granted
2026-03-08 13:20:45,manohark,Access Granted
2026-03-08 13:20:45,manohark,Access Granted
2026-03-08 13:20:45,manohark,Access Granted
2026-03-08 13:20:45,manohark,Access Granted
2026-03-08 13:20:45,manohark,Access Granted
2026-03-08 13:20:46,manohark,Access Granted
2026-03-08 13:20:46,manohark,Access Granted
2026-03-08 13:20:46,manohark,Access Granted
2026-03-08 13:20:46,manohark,Access Granted
2026-03-08 13:20:46,manohark,Access Granted
2026-03-08 13:20:46,manohark,Access Granted
2026-03-08 13:20:47,manohark,Access Granted
2026-03-08 13:20:47,manohark,Access Granted
2026-03-08 13:20:48,manohark,Access Granted
2026-03-08 13:20:48,manohark,Access Granted
2026-03-08 13:20:48,manohark,Access Granted
2026-03-08 13:20:48,manohark,Access Granted
2026-03-08 13:20:48,manohark,Access Granted
2026-03-08 13:20:48,manohark,Access Granted
2026-03-08 13:20:49,manohark,Access Granted
2026-03-08 13:20:49,manohark,Access Granted
2026-03-08 13:20:49,manohark,Access Granted
2026-03-08 13:20:49,manohark,Access Granted
2026-03-08 13:20:49,manohark,Access Granted
2026-03-08 13:20:50,manohark,Access Granted
2026-03-08 13:20:50,manohark,Access Granted
2026-03-08 13:20:50,manohark,Access Granted
2026-03-08 13:20:50,manohark,Access Granted
2026-03-08 13:20:50,manohark,Access Granted
2026-03-08 13:20:50,vivek,Access Granted
2026-03-08 13:21:17,vivek,Access Granted
2026-03-08 13:21:17,vivek,Access Granted
2026-03-08 13:21:17,vivek,Access Granted
2026-03-08 13:21:18,vivek,Access Granted
2026-03-08 13:21:18,vivek,Access Granted
2026-03-08 13:21:18,vivek,Access Granted
2026-03-08 13:21:18,vivek,Access Granted
2026-03-08 13:21:18,vivek,Access Granted
2026-03-08 13:21:19,vivek,Access Granted
2026-03-08 13:21:19,vivek,Access Granted
2026-03-08 13:21:19,vivek,Access Granted
2026-03-08 13:21:21,vivek,Access Granted
2026-03-08 13:21:22,vivek,Access Granted
2026-03-08 13:21:22,vivek,Access Granted
2026-03-08 13:21:22,vivek,Access Granted
2026-03-08 13:21:22,vivek,Access Granted
2026-03-08 13:21:22,vivek,Access Granted
2026-03-08 13:21:23,vivek,Access Granted
2026-03-08 13:21:23,manu,Access Granted
2026-03-08 13:21:24,km,Access Granted
2026-03-08 13:21:24,vivek,Access Granted
2026-03-08 13:21:24,manu,Access Granted
2026-03-08 13:21:24,manu,Access Granted
2026-03-08 13:21:24,manu,Access Granted
2026-03-08 13:21:25,manu,Access Granted
2026-03-08 13:21:25,manu,Access Granted
2026-03-08 13:21:25,manu,Access Granted
2026-03-08 13:21:26,manu,Access Granted
2026-03-08 13:21:26,manu,Access Granted
2026-03-08 13:21:26,manu,Access Granted
2026-03-08 13:21:26,manu,Access Granted
2026-03-08 13:21:26,manu,Access Granted
2026-03-08 13:21:26,manu,Access Granted
2026-03-08 13:21:27,manu,Access Granted
2026-03-08 13:21:27,manu,Access Granted
2026-03-08 13:21:27,manu,Access Granted
2026-03-08 13:21:27,manu,Access Granted
2026-03-08 13:21:28,manu,Access Granted
2026-03-08 13:32:33,km,Access Granted
2026-03-08 13:32:33,km,Access Granted
2026-03-08 13:32:34,k ,Access Granted
2026-03-08 13:32:45,k ,Access Granted
2026-03-08 13:32:45,k ,Access Granted
2026-03-08 13:32:46,km,Access Granted
2026-03-08 13:32:46,k ,Access Granted
2026-03-08 13:32:46,k ,Access Granted
2026-03-08 13:32:47,k ,Access Granted
2026-03-08 13:32:47,k ,Access Granted
2026-03-08 13:32:48,k ,Access Granted
2026-03-08 13:32:48,km,Access Granted
2026-03-08 13:32:48,k ,Access Granted
2026-03-08 13:32:49,k ,Access Granted
2026-03-08 13:32:50,k ,Access Granted
2026-03-08 13:32:51,k ,Access Granted
2026-03-08 13:32:51,k ,Access Granted
2026-03-08 13:32:51,m,Access Granted
2026-03-08 13:32:52,k ,Access Granted
2026-03-08 13:32:52,km,Access Granted
2026-03-08 13:32:53,km,Access Granted
2026-03-08 13:32:53,k ,Access Granted
2026-03-08 13:33:10,Unknown,Denied
2026-03-08 13:33:11,Unknown,Denied
2026-03-08 13:33:11,Unknown,Denied
2026-03-08 13:33:11,km,Access Granted
2026-03-08 13:33:12,Unknown,Denied
2026-03-08 13:33:12,km,Access Granted
2026-03-08 13:33:13,Unknown,Denied
2026-03-08 13:33:14,km,Access Granted
2026-03-08 13:33:14,Unknown,Denied
2026-03-08 13:33:14,Unknown,Denied
2026-03-08 13:33:15,Unknown,Denied
2026-03-08 13:33:15,Unknown,Denied
2026-03-08 13:33:15,Unknown,Denied
2026-03-08 13:33:16,Unknown,Denied
2026-03-08 13:33:16,Unknown,Denied
2026-03-08 13:33:18,k ,Access Granted
2026-03-08 13:33:19,m,Access Granted
2026-03-08 13:33:20,m,Access Granted
2026-03-08 13:33:20,k ,Access Granted
2026-03-08 13:33:20,k ,Access Granted
2026-03-08 13:33:21,m,Access Granted
2026-03-08 13:33:21,k ,Access Granted
2026-03-08 13:33:21,k ,Access Granted
2026-03-08 13:33:22,k ,Access Granted
2026-03-08 13:33:22,k ,Access Granted
2026-03-08 13:33:22,k ,Access Granted
2026-03-08 13:33:23,k ,Access Granted
2026-03-08 13:33:23,k ,Access Granted
2026-03-08 13:33:24,kathi,Access Granted
2026-03-08 13:33:24,k ,Access Granted
2026-03-08 13:33:25,m,Access Granted
2026-03-08 13:33:25,k ,Access Granted
2026-03-08 13:33:25,k ,Access Granted
2026-03-08 13:33:26,k ,Access Granted
2026-03-08 13:38:13,Manohar,Access Granted
2026-03-08 13:38:14,Manohar,Access Granted
2026-03-08 13:38:14,Manohar,Access Granted
2026-03-08 13:38:14,Manohar,Access Granted
2026-03-08 13:38:15,Manohar,Access Granted
2026-03-08 13:38:15,Manohar,Access Granted
2026-03-08 13:38:16,Manohar,Access Granted
2026-03-08 13:38:16,Manohar,Access Granted
2026-03-08 13:38:17,Manohar,Access Granted
2026-03-08 13:38:17,Manohar,Access Granted
2026-03-08 13:38:17,Manohar,Access Granted
2026-03-08 13:38:18,Manohar,Access Granted
2026-03-08 13:38:18,Manohar,Access Granted
2026-03-08 13:38:19,Manohar,Access Granted
2026-03-08 13:38:19,Manohar,Access Granted
2026-03-08 13:38:19,Manohar,Access Granted
2026-03-08 13:39:10,vivek,Access Granted
2026-03-08 13:39:10,vivek,Access Granted
2026-03-08 13:39:10,Manohar,Access Granted
2026-03-08 13:39:11,vivek,Access Granted
2026-03-08 13:39:11,Manohar,Access Granted
2026-03-08 13:39:12,vivek,Access Granted
2026-03-08 13:39:12,vivek,Access Granted
2026-03-08 13:39:12,vivek,Access Granted
2026-03-08 13:39:13,vivek,Access Granted
2026-03-08 13:39:13,vivek,Access Granted
2026-03-08 13:39:13,vivek,Access Granted
2026-03-08 13:39:14,Manohar,Access Granted
2026-03-08 13:39:15,vivek,Access Granted
2026-03-08 13:39:15,vivek,Access Granted
2026-03-08 13:39:15,vivek,Access Granted
2026-03-08 13:39:16,vivek,Access Granted
2026-03-08 13:39:16,vivek,Access Granted
2026-03-08 13:39:17,vivek,Access Granted
2026-03-08 13:39:17,Unknown,Denied
2026-03-08 13:39:17,Manohar,Access Granted
2026-03-08 13:39:18,Manohar,Access Granted
2026-03-08 13:39:18,vivek,Access Granted
2026-03-08 13:39:18,Manohar,Access Granted
2026-03-08 13:39:19,Manohar,Access Granted
2026-03-08 13:39:19,vivek,Access Granted
2026-03-08 13:39:20,vivek,Access Granted
2026-03-08 13:39:20,vivek,Access Granted
2026-03-08 13:39:21,vivek,Access Granted
2026-03-08 13:39:21,vivek,Access Granted
2026-03-08 13:39:21,Manohar,Access Granted
2026-03-08 13:39:24,vivek,Access Granted
2026-03-08 13:39:25,vivek,Access Granted
2026-03-08 13:39:25,Manohar,Access Granted
2026-03-08 13:39:26,vivek,Access Granted
2026-03-08 13:39:26,Manohar,Access Granted
2026-03-08 13:39:29,vivek,Access Granted
2026-03-08 13:39:29,vivek,Access Granted
2026-03-08 13:39:30,vivek,Access Granted
2026-03-08 13:39:30,vivek,Access Granted
2026-03-08 13:39:30,vivek,Access Granted
2026-03-08 13:39:31,vivek,Access Granted
2026-03-08 13:39:31,vivek,Access Granted
2026-03-08 13:39:32,vivek,Access Granted
2026-03-08 13:39:32,vivek,Access Granted
2026-03-08 13:39:33,vivek,Access Granted
2026-03-08 13:39:34,vivek,Access Granted
2026-03-08 13:39:34,vivek,Access Granted
2026-03-08 13:39:34,vivek,Access Granted
2026-03-08 13:39:35,vivek,Access Granted
2026-03-08 13:39:35,vivek,Access Granted
2026-03-08 13:39:36,vivek,Access Granted
2026-03-08 13:39:36,vivek,Access Granted
2026-03-08 13:39:37,vivek,Access Granted
